dz,density,zenith,algae,BBA,abs
0.05,400,30,11000,0.13372473503198196,96.94655941217421
0.05,400,30,13000,0.13288350588427914,98.59955610071005
0.05,400,30,15000,0.13206038635824846,100.2270188080189
0.05,400,30,20000,0.13007877071743854,104.18720872263432
0.05,400,40,11000,0.14801872325831103,89.23991171340589
0.05,400,40,13000,0.14708187217127416,90.84572290074806
0.05,400,40,15000,0.14616534831222372,92.42639736136957
0.05,400,40,20000,0.1439587996696143,96.27353496034429
0.05,400,50,11000,0.1685859967372019,78.86291700463045
0.05,400,50,13000,0.16750086247099225,80.38896464966881
0.05,400,50,15000,0.1664396941240784,81.89042065022443
0.05,400,50,20000,0.1638866836217338,85.54170180727317
0.05,400,60,11000,0.1983808371929577,64.6905774021353
0.05,400,60,13000,0.19706310987933254,66.08158708127756
0.05,400,60,15000,0.19577549060346638,67.44906919493216
0.05,400,60,20000,0.1926818187660016,70.76986809085429
0.05,400,70,11000,0.23641830907229958,47.55214416226393
0.05,400,70,13000,0.23471899613250966,48.712741591147896
0.05,400,70,15000,0.23306146663015465,49.85180730943829
0.05,400,70,20000,0.22909119379454423,52.60993564901443
0.05,500,30,11000,0.14587738021020866,107.62951616200189
0.05,500,30,13000,0.14473888153966816,109.73535467335745
0.05,500,30,15000,0.14363026110713975,111.80118418792183
0.05,500,30,20000,0.14098636966129421,116.78660300961468
0.05,500,40,11000,0.16105741209247876,98.73837705469145
0.05,500,40,13000,0.15979384383166978,100.77915521589192
0.05,500,40,15000,0.15856409894887705,102.7794533056895
0.05,500,40,20000,0.15562913370518283,107.61391371780361
0.05,500,50,11000,0.18245886164044237,86.82345454808832
0.05,500,50,13000,0.1810054991694732,88.75489263612072
0.05,500,50,15000,0.1795916745958399,90.647027970423
0.05,500,50,20000,0.176219984766393,95.21581392267811
0.05,500,60,11000,0.21247211864084709,70.78731541623466
0.05,500,60,13000,0.21073142445428172,72.53468496054789
0.05,500,60,15000,0.20903958892812255,74.24496669001505
0.05,500,60,20000,0.20501098781516913,78.36826633384462
0.05,500,70,11000,0.24888924838475646,51.57898311697546
0.05,500,70,13000,0.24670091166896677,53.01808939429715
0.05,500,70,15000,0.2445783347107414,54.42403494410627
0.05,500,70,20000,0.23954162709281704,57.80269756714002
0.05,600,30,11000,0.15448168019243147,116.68807690516887
0.05,600,30,13000,0.15304897077553842,119.2273452415081
0.05,600,30,15000,0.1516598077704746,121.71441903638585
0.05,600,30,20000,0.14837153303471756,127.68254981617974
0.05,600,40,11000,0.17006071172898451,106.76809629091156
0.05,600,40,13000,0.16847356049796405,109.23150374293925
0.05,600,40,15000,0.16693906825599708,111.63196769076
0.05,600,40,20000,0.16330396787525187,117.40140691671539
0.05,600,50,11000,0.1917007447529751,93.54046101141097
0.05,600,50,13000,0.18988700268770523,95.86327774814856
0.05,600,50,15000,0.18813422214722297,98.12559691814883
0.05,600,50,20000,0.1839857058071029,103.5572683724055
0.05,600,60,11000,0.2213774805302252,75.95203472493765
0.05,600,60,13000,0.219229437394457,78.04061511862666
0.05,600,60,15000,0.21715546329597862,80.07306844755591
0.05,600,60,20000,0.21225520897977748,84.94443836166987
0.05,600,70,11000,0.25616237272838266,55.06841404277756
0.05,600,70,13000,0.25351149807403894,56.771462656387364
0.05,600,70,15000,0.2509574727773957,58.425709418262535
0.05,600,70,20000,0.2449470451400234,62.3759888535009
0.05,700,30,11000,0.1573599421539785,124.35990446261937
0.05,700,30,13000,0.1556746304083203,127.30331530284212
0.05,700,30,15000,0.15405190665299667,130.1615432858853
0.05,700,30,20000,0.150236113575922,136.99976865207924
0.05,700,40,11000,0.17291710624331227,113.56363696808455
0.05,700,40,13000,0.17105746211148068,116.40618446646269
0.05,700,40,15000,0.16926544552428008,119.17080354412724
0.05,700,40,20000,0.1650564905178696,125.77241898503564
0.05,700,50,11000,0.1943618139222809,99.23979927772469
0.05,700,50,13000,0.1922444893426412,101.91432965092073
0.05,700,50,15000,0.19020527020239292,104.5139568004381
0.05,700,50,20000,0.18542040791851544,110.71432757451632
0.05,700,60,11000,0.22345484278683625,80.38443322615133
0.05,700,60,13000,0.2209624879231885,82.78097382511453
0.05,700,60,15000,0.21856469689595306,85.10797436363762
0.05,700,60,20000,0.21294909833360226,90.64774272000297
0.05,700,70,11000,0.25694669337407344,58.15967250726631
0.05,700,70,13000,0.2539008182943928,60.10284771116632
0.05,700,70,15000,0.25097800932153397,61.98533623829749
0.05,700,70,20000,0.2441628930593056,66.44870934597257
0.05,800,30,11000,0.14740809048771933,130.31276704282774
0.05,800,30,13000,0.1456338822885776,133.53642228994042
0.05,800,30,15000,0.14393110298408604,136.66543321818176
0.05,800,30,20000,0.13995896516906736,144.11340637817375
0.05,800,40,11000,0.1622264336717604,118.83482274942757
0.05,800,40,13000,0.16026404739992056,121.95211527432627
0.05,800,40,15000,0.15838099958231458,124.97729873003499
0.05,800,40,20000,0.15399142938645344,132.1703660777033
0.05,800,50,11000,0.18280745781541743,103.68924922430327
0.05,800,50,13000,0.18056531857967148,106.62658435208371
0.05,800,50,15000,0.17841535606738232,109.47462534758085
0.05,800,50,20000,0.1734078885951318,116.24018748867022
0.05,800,60,11000,0.21106683413981994,83.92918384784747
0.05,800,60,13000,0.20841316165075574,86.5671066513201
0.05,800,60,15000,0.2058718931319497,89.12148258077887
0.05,800,60,20000,0.1999661528907063,95.17536764907925
0.05,800,70,11000,0.24399870691804906,60.78289517448385
0.05,800,70,13000,0.2407322556539624,62.92735996565039
0.05,800,70,15000,0.23761357584993784,64.99811568509041
0.05,800,70,20000,0.23040296361718496,69.88177705560933
0.05,850,30,11000,0.12953803795922544,132.02337849888417
0.05,850,30,13000,0.12790349741268958,135.26222352298626
0.05,850,30,15000,0.1263381529538665,138.4052561692971
0.05,850,30,20000,0.12269579440824022,145.89746840309317
0.05,850,40,11000,0.14297834147135696,120.31367063605022
0.05,850,40,13000,0.1411629383050613,123.45115989459264
0.05,850,40,15000,0.1394240693177268,126.4971555382759
0.05,850,40,20000,0.13538170351873063,133.74766391015817
0.05,850,50,11000,0.16204238986451547,104.93188190535828
0.05,850,50,13000,0.1599506358186968,107.90089400101218
0.05,850,50,15000,0.15794901247668344,110.7795753734902
0.05,850,50,20000,0.1533018570995385,117.62053062176001
0.05,850,60,11000,0.1891230910717789,84.97730439135486
0.05,850,60,13000,0.18661097645040833,87.66149092949982
0.05,850,60,15000,0.1842107626898907,90.25975177450829
0.05,850,60,20000,0.17865270313195422,96.4165108011878
0.05,850,70,11000,0.22214724381444947,61.70242324940745
0.05,850,70,13000,0.2189810660311205,63.906714050290915
0.05,850,70,15000,0.21596638540565358,66.03328711509357
0.05,850,70,20000,0.20902644616833405,71.04273739754017
0.05,900,30,11000,0.0847507085624045,131.34462070601614
0.05,900,30,13000,0.08363980331924417,134.3249152066697
0.05,900,30,15000,0.08257696529339306,137.23200209754356
0.05,900,30,20000,0.08011113282583969,144.20959153299432
0.05,900,40,11000,0.09219200533252314,119.41492243294229
0.05,900,40,13000,0.09097206305099914,122.30130818500052
0.05,900,40,15000,0.08980579802747214,125.11534185722788
0.05,900,40,20000,0.08710375067920931,131.862712528127
0.05,900,50,11000,0.10351471836845608,103.92220573680765
0.05,900,50,13000,0.10211539220334324,106.66290780644498
0.05,900,50,15000,0.1007793937630214,109.33207471989849
0.05,900,50,20000,0.09769079635294385,115.72099114912697
0.05,900,60,11000,0.12196813749717883,84.10559450226151
0.05,900,60,13000,0.1202593489544104,86.61561616893697
0.05,900,60,15000,0.11863173116790877,89.05499941119923
0.05,900,60,20000,0.11488406096868613,94.87259258392835
0.05,900,70,11000,0.1490375026368754,61.36690465934878
0.05,900,70,13000,0.14673795757835964,63.490161357389454
0.05,900,70,15000,0.14455854586382114,65.54412903413944
0.05,900,70,20000,0.13958231346166958,70.40378999869225
0.1,400,30,11000,0.19249809409556948,99.07771930445742
0.1,400,30,13000,0.19119365836296384,101.05440556444412
0.1,400,30,15000,0.18991893591796835,102.99379679499889
0.1,400,30,20000,0.18685632299406396,107.68565293860581
0.1,400,40,11000,0.20952316825027217,91.18105209046522
0.1,400,40,13000,0.2080981060565644,93.08146357456619
0.1,400,40,15000,0.20670564297423347,94.94594508436919
0.1,400,40,20000,0.2033598221230447,99.45841095124796
0.1,400,50,11000,0.23228361563389904,80.50673586525515
0.1,400,50,13000,0.2306857016999698,82.28191154544011
0.1,400,50,15000,0.22912475320939826,84.023220990836
0.1,400,50,20000,0.22537582658750882,88.23620052263688
0.1,400,60,11000,0.26186673890338674,65.91124092276385
0.1,400,60,13000,0.2600251583170908,67.4867532815931
0.1,400,60,15000,0.2582271749524848,69.03166624608548
0.1,400,60,20000,0.25391305954900195,72.76716161764583
0.1,400,70,11000,0.2943557282259994,48.255919064626866
0.1,400,70,13000,0.29215678613727347,49.522182184441085
0.1,400,70,15000,0.290012833225944,50.76262443622878
0.1,400,70,20000,0.2848806676171867,53.756719497469746
0.1,500,30,11000,0.21079902478953125,110.57667192703968
0.1,500,30,13000,0.20900919196567977,113.11970152310965
0.1,500,30,15000,0.20726952688647335,115.60297218027904
0.1,500,30,20000,0.20313158815132104,121.55260726733505
0.1,500,40,11000,0.22769299885719246,101.37141729620339
0.1,500,40,13000,0.2257559997022763,103.80233138881098
0.1,500,40,15000,0.22387401526557751,106.17499652668194
0.1,500,40,20000,0.21939445229065194,111.86885658347512
0.1,500,50,11000,0.2498286828740628,89.00057449127833
0.1,500,50,13000,0.24768505422382056,91.25388408219956
0.1,500,50,15000,0.24560291331367884,93.45298859729263
0.1,500,50,20000,0.24064940147411082,98.72931235005234
0.1,500,60,11000,0.2779251961570881,72.36380536442857
0.1,500,60,13000,0.2754974005617232,74.34323830995585
0.1,500,60,15000,0.2731407074932249,76.2745107865756
0.1,500,60,20000,0.26753992938234555,80.9058942539006
0.1,500,70,11000,0.3078737098409643,52.47624081006141
0.1,500,70,13000,0.3050352167508643,54.045956305344944
0.1,500,70,15000,0.3022842135579941,55.57585557072423
0.1,500,70,20000,0.2957640431981292,59.237815910727676
0.1,600,30,11000,0.22271307451221029,120.41044758289355
0.1,600,30,13000,0.22045166801192354,123.48876909224619
0.1,600,30,15000,0.21826524329219568,126.48359775590377
0.1,600,30,20000,0.21310625496401317,133.61018797526145
0.1,600,40,11000,0.23923530097431575,110.0532590724206
0.1,600,40,13000,0.2368010236928454,112.99154039837974
0.1,600,40,15000,0.23445274865063578,115.83921944188994
0.1,600,40,20000,0.22890783555929428,122.6279766148398
0.1,600,50,11000,0.26061223236637876,96.21738989746751
0.1,600,50,13000,0.2579429274225394,98.92599517845846
0.1,600,50,15000,0.2553686277506984,101.5512802033578
0.1,600,50,20000,0.24929348188855796,107.80893668206411
0.1,600,60,11000,0.2873899670011425,77.8635122313432
0.1,600,60,13000,0.2844018637484036,80.22591578861098
0.1,600,60,15000,0.2815218641010742,82.51550867211363
0.1,600,60,20000,0.2747335228910536,87.97019981676179
0.1,600,70,11000,0.31542118639395506,56.1511756948521
0.1,600,70,13000,0.311975199720558,58.0069205543196
0.1,600,70,15000,0.3086593353781832,59.80389686496492
0.1,600,70,20000,0.3008684261964139,64.075389025543
0.1,700,30,11000,0.22589999026622132,128.7289322325401
0.1,700,30,13000,0.22324455927442255,132.28662196798896
0.1,700,30,15000,0.2206936686534537,135.72123075595715
0.1,700,30,20000,0.2147195743817741,143.8533095948297
0.1,700,40,11000,0.24201360016244816,117.39803030293581
0.1,700,40,13000,0.2391686328965353,120.77860929904087
0.1,700,40,15000,0.23643371344363112,124.04769190634637
0.1,700,40,20000,0.23003390654302933,131.7807065903747
0.1,700,50,11000,0.26273961641316057,102.34385375314025
0.1,700,50,13000,0.2596337653381579,105.45230118112093
0.1,700,50,15000,0.2566490584558811,108.45832542939023
0.1,700,50,20000,0.2496691153427633,115.56845356318078
0.1,700,60,11000,0.28855889399651347,82.58748111082599
0.1,700,60,13000,0.285101518864721,85.28967366154457
0.1,700,60,15000,0.28178151314928646,87.90231104428464
0.1,700,60,20000,0.2740277307922108,94.07906869026554
0.1,700,70,11000,0.3152964127351945,59.40463858022162
0.1,700,70,13000,0.3113367937053172,61.51718488926637
0.1,700,70,15000,0.3075422275827749,63.55706192536613
0.1,700,70,20000,0.2987113372458029,68.3679407279066
0.1,800,30,11000,0.21077259735309228,134.93970311214042
0.1,800,30,13000,0.20799051171799413,138.79758575983027
0.1,800,30,15000,0.20532715322665623,142.51719671749242
0.1,800,30,20000,0.19913807671718203,151.27396096087392
0.1,800,40,11000,0.22653407471892817,122.92263878099857
0.1,800,40,13000,0.22354127738286317,126.59897906085341
0.1,800,40,15000,0.22067638222785396,130.14440302834134
0.1,800,40,20000,0.21402188413640588,138.4891285356818
0.1,800,50,11000,0.2469257484520966,107.02342166904191
0.1,800,50,13000,0.24364228192701312,110.41480499799668
0.1,800,50,15000,0.24050059301503726,113.68486211685166
0.1,800,50,20000,0.23320687793092248,121.38262356568563
0.1,800,60,11000,0.27248096021785045,86.31011039633937
0.1,800,60,13000,0.26880518666769393,89.26957367504416
0.1,800,60,15000,0.2652913346213081,92.12207732854037
0.1,800,60,20000,0.25714639853567606,98.8317101341309
0.1,800,70,11000,0.2989554663045684,62.12700104393634
0.1,800,70,13000,0.29472504449333786,64.44918295671002
0.1,800,70,15000,0.29069063228363134,66.68369819757982
0.1,800,70,20000,0.28137727740310525,71.92361325139753
0.1,850,30,11000,0.1837133519872168,136.24008948608179
0.1,850,30,13000,0.1811839949940885,140.05157211081183
0.1,850,30,15000,0.17876681241552878,143.7261039941471
0.1,850,30,20000,0.17316077400611143,152.39036668606266
0.1,850,40,11000,0.19907602179941733,124.11406156051154
0.1,850,40,13000,0.19632761145277053,127.76648291135055
0.1,850,40,15000,0.19370047108868788,131.29006673359177
0.1,850,40,20000,0.18761121266550224,139.5925645277563
0.1,850,50,11000,0.21933266337812565,108.10651292081852
0.1,850,50,13000,0.21627487846599575,111.50378410294158
0.1,850,50,15000,0.2133539776720638,114.77916496300155
0.1,850,50,20000,0.20658965789622852,122.49195739502282
0.1,850,60,11000,0.24527101287524072,87.29748344871024
0.1,850,60,13000,0.24178870191325963,90.2920948751651
0.1,850,60,15000,0.23846588692431891,93.17718825086189
0.1,850,60,20000,0.23078521541625718,99.96155764199715
0.1,850,70,11000,0.2726644376521617,63.02202321020993
0.1,850,70,13000,0.26858300905079086,65.39955767101439
0.1,850,70,15000,0.26469907978308016,67.68528727432094
0.1,850,70,20000,0.2557631794931838,73.0393767751071
0.1,900,30,11000,0.10822264349601038,133.318664114835
0.1,900,30,13000,0.10672395955951791,136.56809911569272
0.1,900,30,15000,0.10529095501900576,139.72493769373463
0.1,900,30,20000,0.10196881797519924,147.25232094439104
0.1,900,40,11000,0.11918938912978003,121.38722173896562
0.1,900,40,13000,0.11752055493319981,124.5417779018107
0.1,900,40,15000,0.11592565309091737,127.6044783468812
0.1,900,40,20000,0.11223156048817146,134.8984725479827
0.1,900,50,11000,0.13502797770715935,105.80171670024913
0.1,900,50,13000,0.13309390471465815,108.79634849129299
0.1,900,50,15000,0.1312472605741773,111.70051266973198
0.1,900,50,20000,0.12697667508597485,118.60411343543603
0.1,900,60,11000,0.15833758025255387,85.7208252769155
0.1,900,60,13000,0.15598426568618787,88.44627033005807
0.1,900,60,15000,0.15374142951452846,91.0841832033337
0.1,900,60,20000,0.14857075476565978,97.33327386878673
0.1,900,70,11000,0.18779762391622262,62.457076373030766
0.1,900,70,13000,0.18475436766022624,64.72215059438551
0.1,900,70,15000,0.18186578770821724,66.90572336775814
0.1,900,70,20000,0.17525215626196733,72.04273822829019
0.15,400,30,11000,0.23846026562995576,100.81882766185139
0.15,400,30,13000,0.23674557296503468,103.06388165735726
0.15,400,30,15000,0.23507187490745274,105.26137764913544
0.15,400,30,20000,0.23105817410799498,110.55673033955313
0.15,400,40,11000,0.2552825534230132,92.69115706099515
0.15,400,40,13000,0.253445364483895,94.82405791041987
0.15,400,40,15000,0.2516522076995999,96.91204874310347
0.15,400,40,20000,0.24735146152641216,101.9467606959464
0.15,400,50,11000,0.27693029545538894,81.71326838679711
0.15,400,50,13000,0.27492399117080923,83.67378761131205
0.15,400,50,15000,0.2729661512840616,85.5931547761787
0.15,400,50,20000,0.26827202146662293,90.2216843523066
0.15,400,60,11000,0.30391200688695447,66.75943651747427
0.15,400,60,13000,0.30167489078254245,68.46464134527321
0.15,400,60,15000,0.2994927732080643,70.13397397020184
0.15,400,60,20000,0.294264860111907,74.1591473400658
0.15,400,70,11000,0.33219969136190086,48.73832850120606
0.15,400,70,13000,0.3296217211408189,50.07742972633566
0.15,400,70,15000,0.3271101290861061,51.38750095113017
0.15,400,70,20000,0.3211052249330833,54.54271268400897
0.15,500,30,11000,0.25861733793649333,112.86414537912563
0.15,500,30,13000,0.25628094385961253,115.74935250859468
0.15,500,30,15000,0.25401352183748876,118.55853345733661
0.15,500,30,20000,0.24863279695498622,125.25806958682668
0.15,500,40,11000,0.2746719535017866,103.32970633351077
0.15,500,40,13000,0.272192976748282,106.05305533130742
0.15,500,40,15000,0.26978791567312144,108.7041154405129
0.15,500,40,20000,0.2640767145180815,115.0379291615064
0.15,500,50,11000,0.29504909742479024,90.5444753393718
0.15,500,50,13000,0.29237521824922647,93.02758823490524
0.15,500,50,15000,0.289781607883734,95.44525225450371
0.15,500,50,20000,0.28362487268808095,101.22319236965176
0.15,500,60,11000,0.32015979852819304,73.4399357837514
0.15,500,60,13000,0.31722152580817353,75.57845043732497
0.15,500,60,15000,0.31437287176338413,77.66072241867208
0.15,500,60,20000,0.307616400040927,82.63751063696743
0.15,500,70,11000,0.34600093746454336,53.089021550055875
0.15,500,70,13000,0.34266931486799995,54.74772363654967
0.15,500,70,15000,0.33944383773246795,56.36166392440664
0.15,500,70,20000,0.33181201136682675,60.21419197193865
0.15,600,30,11000,0.2706785177171753,123.18745056914817
0.15,600,30,13000,0.26775102385640803,126.66939209348628
0.15,600,30,15000,0.2649265714209671,130.04333995744986
0.15,600,30,20000,0.25828010245127314,138.0312503564516
0.15,600,40,11000,0.2860060007062387,112.41317515456234
0.15,600,40,13000,0.2829155689884895,115.69362141839366
0.15,600,40,15000,0.27993975803704096,118.86259176366856
0.15,600,40,20000,0.2729320622126856,126.38043737526311
0.15,600,50,11000,0.305316633556569,98.06493853963069
0.15,600,50,13000,0.3020095463739003,101.04027923053346
0.15,600,50,15000,0.2988256989642589,103.91572372253863
0.15,600,50,20000,0.2913311969620709,110.73993592136732
0.15,600,60,11000,0.3289931562257934,79.14611590755297
0.15,600,60,13000,0.32539238831010303,81.69203221838463
0.15,600,60,15000,0.32192745001451695,84.15329134676482
0.15,600,60,20000,0.3137793005703678,89.99509606618764
0.15,600,70,11000,0.353010847256507,56.881078524063
0.15,600,70,13000,0.3489711966311408,58.83890803479931
0.15,600,70,15000,0.34508956185743256,60.73075477560071
0.15,600,70,20000,0.33598758475257007,65.21379088351595
0.15,700,30,11000,0.27284819546915096,131.92176538627498
0.15,700,30,13000,0.26943242184660054,135.92846435335292
0.15,700,30,15000,0.2661574422056788,139.78310993781943
0.15,700,30,20000,0.2585120553156938,148.85402658651634
0.15,700,40,11000,0.2876431871391897,120.10266483345765
0.15,700,40,13000,0.28405222826214027,123.8625818310135
0.15,700,40,15000,0.2806069106003974,127.48621753556178
0.15,700,40,20000,0.2725691331839169,136.0108452571468
0.15,700,50,11000,0.3062219830152615,104.4548430568238
0.15,700,50,13000,0.30239312573784377,107.85784093250548
0.15,700,50,15000,0.29872041940063465,111.13878488102924
0.15,700,50,20000,0.2901560261361843,118.86129216264958
0.15,700,60,11000,0.3289540756310834,84.0499036230426
0.15,700,60,13000,0.32480301025948005,86.95393111359957
0.15,700,60,15000,0.3208236585171989,89.75437845645975
0.15,700,60,20000,0.31155419599767387,96.34729074171605
0.15,700,70,11000,0.3517600721594146,60.23520973849227
0.15,700,70,13000,0.3471283427709149,62.4592904880917
0.15,700,70,15000,0.34269631456028365,64.60214316286502
0.15,700,70,20000,0.33240524774110236,69.63808864391937
0.15,800,30,11000,0.25510161469031883,138.4010391820037
0.15,800,30,13000,0.2515153311173803,142.73240319855586
0.15,800,30,15000,0.24808924320821069,146.89157988214157
0.15,800,30,20000,0.24015321002621715,156.61831463552903
0.15,800,40,11000,0.2697631897982838,125.86463972449565
0.15,800,40,13000,0.2659789208999277,129.94223978682123
0.15,800,40,15000,0.26236369692749073,133.85988467323952
0.15,800,40,20000,0.25399207282953834,143.02498293869328
0.15,800,50,11000,0.2882249386158738,109.32573326746578
0.15,800,50,13000,0.2841729156444685,113.02937509787581
0.15,800,50,15000,0.280303210759798,116.58865990065753
0.15,800,50,20000,0.2713452634342492,124.92223343430857
0.15,800,60,11000,0.3108454097093212,87.90532546769703
0.15,800,60,13000,0.30643304544328187,91.07858150701094
0.15,800,60,15000,0.3022223183681849,94.12845215994123
0.15,800,60,20000,0.2924874179363148,101.26948329174837
0.15,800,70,11000,0.33346392725721874,63.029785125412786
0.15,800,70,13000,0.328522986490278,65.46931798869099
0.15,800,70,15000,0.3238179614918566,67.81121964101533
0.15,800,70,20000,0.3129804660660538,73.28225240214867
0.15,850,30,11000,0.2240702150050497,139.59416706020525
0.15,850,30,13000,0.22078548437475023,143.86010352965317
0.15,850,30,15000,0.21765242373420018,147.9551992830766
0.15,850,30,20000,0.2104076120255942,157.54305064171697
0.15,850,40,11000,0.23891750846163295,126.9998607752654
0.15,850,40,13000,0.23541697902525527,131.0422008822944
0.15,850,40,15000,0.23207719230983465,134.9263313107256
0.15,850,40,20000,0.22435784159157332,144.01967038261287
0.15,850,50,11000,0.2578285440779313,110.39097766688897
0.15,850,50,13000,0.2540328321755154,114.0952893174024
0.15,850,50,15000,0.25041330057953654,117.6541863869165
0.15,850,50,20000,0.2420526948709483,125.98736873285613
0.15,850,60,11000,0.2812013370200358,88.8893325578599
0.15,850,60,13000,0.27701025429793985,92.09555990824842
0.15,850,60,15000,0.27301720336528473,95.175455459629
0.15,850,60,20000,0.26380790899984374,102.38383486607985
0.15,850,70,11000,0.3047870454611619,63.919167417319535
0.15,850,70,13000,0.3000289200972616,66.41253997343941
0.15,850,70,15000,0.29550657494986415,68.80400686132721
0.15,850,70,20000,0.28512008643386205,74.38483970067334
0.15,900,30,11000,0.1293713342473034,135.206703377321
0.15,900,30,13000,0.127484970769528,138.7133996167946
0.15,900,30,15000,0.12568286961641484,142.1084190419595
0.15,900,30,20000,0.12151041304236418,150.158285228439
0.15,900,40,11000,0.14204035250229774,123.16196881504396
0.15,900,40,13000,0.1399497970270283,126.55778981450126
0.15,900,40,15000,0.1379533804079006,129.8437067225397
0.15,900,40,20000,0.13333425263766716,137.6267405475649
0.15,900,50,11000,0.15961207588033016,107.36412914769012
0.15,900,50,13000,0.15721688189512825,110.57011598994713
0.15,900,50,15000,0.1549312889376677,113.669525271509
0.15,900,50,20000,0.14964964928951213,120.99969571853487
0.15,900,60,11000,0.1838195438196795,86.93145445578327
0.15,900,60,13000,0.18097327431262752,89.81915815212754
0.15,900,60,15000,0.17826140648005348,92.60652123247357
0.15,900,60,20000,0.17201115954237076,99.18038933459407
0.15,900,70,11000,0.21146580888747954,63.17371136353993
0.15,900,70,13000,0.20794058599354837,65.53323085835027
0.15,900,70,15000,0.2045936976554726,67.80330597986485
0.15,900,70,20000,0.19692609818948695,73.12634022659691
0.2,400,30,11000,0.2741535169150762,102.22728496881109
0.2,400,30,13000,0.27208913103887256,104.69013806635802
0.2,400,30,15000,0.27007608103330927,107.09677778582359
0.2,400,30,20000,0.2652562579701724,112.8799465503333
0.2,400,40,11000,0.29005302137887845,93.88728107403477
0.2,400,40,13000,0.28787166898134303,96.20486463292215
0.2,400,40,15000,0.2857446342015268,98.47011671001917
0.2,400,40,20000,0.28065108500214164,103.91795373475806
0.2,400,50,11000,0.31014388442308377,82.64959408129435
0.2,400,50,13000,0.30780293552866567,84.75426439161373
0.2,400,50,15000,0.3055206175560651,86.81187251695377
0.2,400,50,20000,0.3000566499575642,91.76212954798098
0.2,400,60,11000,0.3348409671385905,67.41049459931973
0.2,400,60,13000,0.33228173941454336,69.21532192549655
0.2,400,60,15000,0.3297875381923703,70.98002601643672
0.2,400,60,20000,0.32382013577294805,75.22649686365864
0.2,400,70,11000,0.3602322026325844,49.11088846231109
0.2,400,70,13000,0.35734042900596696,50.50613176652654
0.2,400,70,15000,0.35452522243855916,51.86971808775322
0.2,400,70,20000,0.3478025519203064,55.14817781839814
0.2,500,30,11000,0.29400544599990885,114.63844969932357
0.2,500,30,13000,0.29122390912306617,117.7891450682869
0.2,500,30,15000,0.28852784730573344,120.85073492383407
0.2,500,30,20000,0.2821422286072887,128.12946649483322
0.2,500,40,11000,0.3088726004656391,104.8248405297395
0.2,500,40,13000,0.3059588893329795,107.77143739111608
0.2,500,40,15000,0.3031354370140596,110.63462528227312
0.2,500,40,20000,0.2964435900235458,117.45467128127507
0.2,500,50,11000,0.32750783217123464,91.7072514725557
0.2,500,50,13000,0.3244136344246925,94.36328410042867
0.2,500,50,15000,0.321415759678258,96.94506556112026
0.2,500,50,20000,0.31431243821715205,103.0984773627024
0.2,500,60,11000,0.3503145545115698,74.24605193801533
0.2,500,60,13000,0.34697194403228604,76.50343843975095
0.2,500,60,15000,0.3437347586391684,78.69826046905067
0.2,500,60,20000,0.3360699056636,83.93149383196729
0.2,500,70,11000,0.37333862637603643,53.549799266012
0.2,500,70,13000,0.36961226296281935,55.27508510363943
0.2,500,70,15000,0.3660081079253188,56.951703194198004
0.2,500,70,20000,0.35749337204121706,60.94560886845032
0.2,600,30,11000,0.30494865042808333,125.27712570673846
0.2,600,30,13000,0.3014971564875347,129.0622459372533
0.2,600,30,15000,0.2981725219128145,132.7204290897334
0.2,600,30,20000,0.2903659906445998,141.35235738194058
0.2,600,40,11000,0.31899597515820766,114.16718243116435
0.2,600,40,13000,0.3153954157537358,117.70138034141496
0.2,600,40,15000,0.3119334224451059,121.1081481564879
0.2,600,40,20000,0.30379842475261165,129.16407808022018
0.2,600,50,11000,0.3365339309113478,99.42477356287444
0.2,600,50,13000,0.33273489147658936,102.59582779828274
0.2,600,50,15000,0.3290825212685359,105.6544155171325
0.2,600,50,20000,0.3205028795216071,112.8920596636671
0.2,600,60,11000,0.35795805902815847,80.08712554246391
0.2,600,60,13000,0.3538842200065231,82.76703411354897
0.2,600,60,15000,0.3499692054744135,85.35329517926199
0.2,600,60,20000,0.3407804045213941,91.47582575198042
0.2,600,70,11000,0.37923244722775945,57.41763397339136
0.2,600,70,13000,0.3747313113210839,59.44996654587259
0.2,600,70,15000,0.3704114067828061,61.410808009059465
0.2,600,70,20000,0.3602993225517298,66.04684370575382
0.2,700,30,11000,0.30576213104350347,134.2872627363752
0.2,700,30,13000,0.30176011300518263,138.62553764842033
0.2,700,30,15000,0.29792892423688155,142.78978283802783
0.2,700,30,20000,0.28900729394194163,152.55100074993624
0.2,700,40,11000,0.3192750210568908,122.08487138759915
0.2,700,40,13000,0.31511474059937644,126.1217644135754
0.2,700,40,15000,0.3111293200522764,130.0037648481745
0.2,700,40,20000,0.3018536220636593,139.10372360940977
0.2,700,50,11000,0.3361130680842862,105.98926360262566
0.2,700,50,13000,0.33173589238031326,109.60534627491987
0.2,700,50,15000,0.32754340801096415,113.08472357081983
0.2,700,50,20000,0.3177891444288076,121.2478598515525
0.2,700,60,11000,0.3566580445940752,85.11013598267122
0.2,700,60,13000,0.3519800930823075,88.15951960103544
0.2,700,60,15000,0.34750185309975046,91.09484013076786
0.2,700,60,20000,0.33709245337852134,97.98537831229993
0.2,700,70,11000,0.3767885332556635,60.83799657138605
0.2,700,70,13000,0.3716436253061442,63.1422729950737
0.2,700,70,15000,0.36672671897851694,65.35889297986111
0.2,700,70,20000,0.35533163404013635,70.55515114074058
0.2,800,30,11000,0.2866387138545224,141.00517482643076
0.2,800,30,13000,0.2824245450921077,145.6911544438036
0.2,800,30,15000,0.2784052970339263,150.17892032563935
0.2,800,30,20000,0.26911901872467214,160.62902452892484
0.2,800,40,11000,0.30010957932610866,128.04967536014323
0.2,800,40,13000,0.2957149508102255,132.42379509181862
0.2,800,40,15000,0.2915234141382791,136.61594556579132
0.2,800,40,20000,0.28184111168737924,146.384504988352
0.2,800,50,11000,0.3169100575407285,111.01789076470908
0.2,800,50,13000,0.312270330996889,114.9496185110097
0.2,800,50,15000,0.3078461859072834,118.7196741915942
0.2,800,50,20000,0.2976288154233725,127.5151518232746
0.2,800,60,11000,0.3374004146869186,89.07327754522133
0.2,800,60,13000,0.33242429558630215,92.40172991416402
0.2,800,60,15000,0.3276824014552627,95.59443993336276
0.2,800,60,20000,0.3167433864062353,103.04633679218689
0.2,800,70,11000,0.3573902361715362,63.691773197034145
0.2,800,70,13000,0.35190154737597595,66.21631301619156
0.2,800,70,15000,0.34668168055899395,68.63567821997374
0.2,800,70,20000,0.3346816859678264,74.272366169834
0.2,850,30,11000,0.2541764738094891,142.23408542308076
0.2,850,30,13000,0.25027501045586703,146.85591823846252
0.2,850,30,15000,0.2465596580747415,151.27970709876527
0.2,850,30,20000,0.23798962639946641,161.58750725938867
0.2,850,40,11000,0.2680700021002609,129.229112905653
0.2,850,40,13000,0.2639665466671614,133.5710056547494
0.2,850,40,15000,0.2600576889576683,137.73153861645352
0.2,850,40,20000,0.25104443996436887,147.4294814329863
0.2,850,50,11000,0.2854997945823649,112.12528885324377
0.2,850,50,13000,0.2811217420185007,116.06115188293604
0.2,850,50,15000,0.2769530852407563,119.83334735449428
0.2,850,50,20000,0.26734555783594055,128.6317620618804
0.2,850,60,11000,0.30681475552554704,90.08729113981964
0.2,850,60,13000,0.30206620765184744,93.45128104653259
0.2,850,60,15000,0.2975481896336729,96.67594441758635
0.2,850,60,20000,0.28714932464520143,104.19799161673022
0.2,850,70,11000,0.3277933600535618,64.59662335363562
0.2,850,70,13000,0.3224958718633752,67.17618578756561
0.2,850,70,15000,0.3174669045921455,69.6459512632106
0.2,850,70,20000,0.3059372144783509,75.3934503546602
0.2,900,30,11000,0.14811631387601318,136.95792128435156
0.2,900,30,13000,0.1458599251889739,140.7025422166819
0.2,900,30,15000,0.14370632910206774,144.31746767333271
0.2,900,30,20000,0.13872694577913325,152.84852250701258
0.2,900,40,11000,0.16150919591948446,124.74625202426768
0.2,900,40,13000,0.15903142650013044,128.35679428492205
0.2,900,40,15000,0.15666725616343252,131.84103333644128
0.2,900,40,20000,0.15120412223132784,140.05750288527486
0.2,900,50,11000,0.1795242387139699,108.69215820855955
0.2,900,50,13000,0.17672704322712587,112.07730289084297
0.2,900,50,15000,0.17405980751986205,115.34196140156703
0.2,900,50,20000,0.16790278389249796,123.03241684674967
0.2,900,60,11000,0.2032746895703108,87.90317474632307
0.2,900,60,13000,0.20002500992323682,90.92085237759319
0.2,900,60,15000,0.19693043988054815,93.82779058002497
0.2,900,60,20000,0.18980332723231172,100.66116884254139
0.2,900,70,11000,0.22875106184037655,63.72378943411656
0.2,900,70,13000,0.22484892452499544,66.15550717345323
0.2,900,70,15000,0.2211449056514729,68.49161307200747
0.2,900,70,20000,0.21266054107808768,73.95641047947642
0.3,400,30,11000,0.3244535710625711,104.31807726774292
0.3,400,30,13000,0.3218437904387364,107.10434424530573
0.3,400,30,15000,0.3193028295744878,109.8210356297789
0.3,400,30,20000,0.3132342308685611,116.32555720370503
0.3,400,40,11000,0.338481375532647,95.64290501973946
0.3,400,40,13000,0.33576900573884844,98.23155686068083
0.3,400,40,15000,0.3331281566977848,100.7565397359123
0.3,400,40,20000,0.32681972448850477,106.80810857941277
0.3,400,50,11000,0.35599828333345473,84.01219810127306
0.3,400,50,13000,0.3531445074655536,86.32651503740755
0.3,400,50,15000,0.350366237512349,88.58479997911797
0.3,400,50,20000,0.3437306353524332,94.00073471376555
0.3,400,60,11000,0.37744563796346553,68.35577210761062
0.3,400,60,13000,0.37439208542186103,70.30499435498972
0.3,400,60,15000,0.37142019332139536,72.20763191430397
0.3,400,60,20000,0.3643257252304819,76.77305693645016
0.3,400,70,11000,0.39891315261330645,49.65290697920698
0.3,400,70,13000,0.3955370393937979,51.12957553164937
0.3,400,70,15000,0.3922544249572024,52.57057194747731
0.3,400,70,20000,0.38443144656795075,56.02654695336376
0.3,500,30,11000,0.34145847639441596,117.15988167409193
0.3,500,30,13000,0.3380172548548245,120.68718870996429
0.3,500,30,15000,0.33468802201924674,124.10623111614926
0.3,500,30,20000,0.3268257392503196,132.20322775860356
0.3,500,40,11000,0.35440299070509057,106.93472609336929
0.3,500,40,13000,0.35084915848736525,110.19569451461719
0.3,500,40,15000,0.34741164461428886,113.35706468298785
0.3,500,40,20000,0.33928805630785697,120.85885066697192
0.3,500,50,11000,0.37051827157790895,93.34058647918698
0.3,500,50,13000,0.3668070086784825,96.23883790821887
0.3,500,50,15000,0.3632175507172563,99.0500574644637
0.3,500,50,20000,0.3547362426853217,105.7268712549189
0.3,500,60,11000,0.39023130944283196,75.3772159168553
0.3,500,60,13000,0.38629401457480955,77.80075918410729
0.3,500,60,15000,0.382487207092512,80.15254028194694
0.3,500,60,20000,0.3734974141140157,85.74216095789477
0.3,500,70,11000,0.40950140427633674,54.1965101395965
0.3,500,70,13000,0.40519327426060214,56.01476470236598
0.3,500,70,15000,0.40103275098312957,57.778655409744985
0.3,500,70,20000,0.39122728274813073,61.96856349037288
0.3,600,30,11000,0.3493393036952836,128.15887028545458
0.3,600,30,13000,0.34514024270626337,132.36085048505151
0.3,600,30,15000,0.34110487447881654,136.40925559607842
0.3,600,30,20000,0.3316598163130679,145.92370339082817
0.3,600,40,11000,0.36152407805885683,116.57469355597715
0.3,600,40,13000,0.3571987302229442,120.45601948066526
0.3,600,40,15000,0.35304870291309487,124.1875649727212
0.3,600,40,20000,0.34332789586904744,132.9768931917369
0.3,600,50,11000,0.3766629639873397,101.2859160278937
0.3,600,50,13000,0.3721658556968717,104.72374066659457
0.3,600,50,15000,0.36785125999502455,108.03150683855856
0.3,600,50,20000,0.35774689927083614,115.83028255203027
0.3,600,60,11000,0.3951587303166828,81.37401862754204
0.3,600,60,13000,0.39041252334335097,84.23621393592609
0.3,600,60,15000,0.38586026165781173,86.9921560301678
0.3,600,60,20000,0.3752065539375644,93.49457210284457
0.3,600,70,11000,0.41284929375661356,58.1510235772789
0.3,600,70,13000,0.4076917305266284,60.284519428005666
0.3,600,70,15000,0.4027507024464729,62.338789351881836
0.3,600,70,20000,0.3912150478528524,67.18117418361969
0.3,700,30,11000,0.3476128288594015,137.49935055729853
0.3,700,30,13000,0.34279315907465324,142.2862510320096
0.3,700,30,15000,0.338189546035495,146.86888026573462
0.3,700,30,20000,0.32750746669973085,157.56189617392707
0.3,700,40,11000,0.3593409744716804,124.76622446187167
0.3,700,40,13000,0.3543891474769784,129.17627307347567
0.3,700,40,15000,0.34965601927699586,133.40588889303515
0.3,700,40,20000,0.3386779945550947,143.27886968818868
0.3,700,50,11000,0.3738896037855529,108.06011367926494
0.3,700,50,13000,0.36875059293026724,111.96237393000166
0.3,700,50,15000,0.36383897613240107,115.70782644623218
0.3,700,50,20000,0.35244930074689823,124.46071446967372
0.3,700,60,11000,0.3916364662878281,86.53984384908772
0.3,700,60,13000,0.38622529672639877,89.78403060114995
0.3,700,60,15000,0.381055658425554,92.89974043471543
0.3,700,60,20000,0.3690765677129475,100.18731390546665
0.3,700,70,11000,0.408316364932765,61.65016171846968
0.3,700,70,13000,0.40245687447783546,64.06164859635913
0.3,700,70,15000,0.3968674564627706,66.37662696850133
0.3,700,70,20000,0.38395052813002783,71.78585199738994
0.3,800,30,11000,0.32726102549191016,144.5886480372213
0.3,800,30,13000,0.32216144261694274,149.7603287422892
0.3,800,30,15000,0.317309552609513,154.69761481409807
0.3,800,30,20000,0.30614121215492457,166.13638735295166
0.3,800,40,11000,0.3389996084013132,131.04129927219066
0.3,800,40,13000,0.33374802294184086,135.81929423082178
0.3,800,40,15000,0.32875100082906167,140.38483710288068
0.3,800,40,20000,0.3172496574473161,150.9732614075198
0.3,800,50,11000,0.3535571492618576,113.3272376011756
0.3,800,50,13000,0.34809339261827565,117.56830896729087
0.3,800,50,15000,0.342895346252626,121.6237535587426
0.3,800,50,20000,0.3309322372682445,131.04355332765437
0.3,800,60,11000,0.37128908277289746,90.66546114963806
0.3,800,60,13000,0.3655210069513561,94.2038087522517
0.3,800,60,15000,0.3600362192084985,97.58927820664695
0.3,800,60,20000,0.34742458487818223,105.45952741565208
0.3,800,70,11000,0.3878598660812058,64.59345269857863
0.3,800,70,13000,0.3816006553205921,67.23260158593814
0.3,800,70,15000,0.375659635481013,69.7560936938567
0.3,800,70,20000,0.3620420085900279,75.61452046410973
0.3,850,30,11000,0.2947846434834117,146.02744350430635
0.3,850,30,13000,0.2899718484142882,151.15759811779395
0.3,850,30,15000,0.28539987231583014,156.0501116556008
0.3,850,30,20000,0.2748935889236669,167.38288229707283
0.3,850,40,11000,0.30702290842292196,132.4029488663021
0.3,850,40,13000,0.3020361995081145,137.16852782591715
0.3,850,40,15000,0.2972974087967127,141.71932942809488
0.3,850,40,20000,0.28641010426875985,152.26932997193487
0.3,850,50,11000,0.32222814610121253,114.57784998939644
0.3,850,50,13000,0.31700097861211657,118.83861792408432
0.3,850,50,15000,0.3120352260843949,122.90948549447354
0.3,850,50,20000,0.30063018728379076,132.35770485636016
0.3,850,60,11000,0.3407492910280607,91.77763764557498
0.3,850,60,13000,0.3351862590924447,95.3619988706522
0.3,850,60,15000,0.3299046653052661,98.78832019766674
0.3,850,60,20000,0.3177874873893358,106.74565225959827
0.3,850,70,11000,0.3582574144929197,65.55251958495238
0.3,850,70,13000,0.3521686367057171,68.25207150083122
0.3,850,70,15000,0.34639970077545135,70.83041817037812
0.3,850,70,20000,0.33321171552575635,76.80771552267892
0.3,900,30,11000,0.1791092556866401,140.008263870853
0.3,900,30,13000,0.17618888035940153,144.16497375420147
0.3,900,30,15000,0.173406454393941,148.16002756624303
0.3,900,30,20000,0.1669902509614453,157.52052592624193
0.3,900,40,11000,0.19260277307974072,127.41453290417863
0.3,900,40,13000,0.18945339271482778,131.38457358282278
0.3,900,40,15000,0.18645341224107218,135.2001901851406
0.3,900,40,20000,0.17953836070800283,144.13885855917732
0.3,900,50,11000,0.21005139075095955,110.84146348863293
0.3,900,50,13000,0.20658491291115608,114.51474581249398
0.3,900,50,15000,0.20328448137524108,118.04463853518308
0.3,900,50,20000,0.1956828684083938,126.31178024961193
0.3,900,60,11000,0.2319981403213043,89.41821586975753
0.3,900,60,13000,0.22810109155951533,92.63699685032485
0.3,900,60,15000,0.2243947159757896,95.72852823487763
0.3,900,60,20000,0.21587409132662874,102.96127216201779
0.3,900,70,11000,0.2541105687942213,64.57348236883647
0.3,900,70,13000,0.24959977560552668,67.11506883124365
0.3,900,70,15000,0.24532175796103306,69.55123622774542
0.3,900,70,20000,0.23553437461996485,75.22949682195973
0.5,400,30,11000,0.3801126113309417,106.83208422877466
0.5,400,30,13000,0.37681425173892996,110.00660411431652
0.5,400,30,15000,0.3736093991026179,113.09483641847379
0.5,400,30,20000,0.36598042128197983,120.46153660495816
0.5,400,40,11000,0.3917972968413698,97.74346800050188
0.5,400,40,13000,0.38841737731008713,100.65581540714413
0.5,400,40,15000,0.38513312339970035,103.4903693467738
0.5,400,40,20000,0.37731309284098535,110.25955212616307
0.5,400,50,11000,0.4063322658002794,85.63782365115775
0.5,400,50,13000,0.402834618858387,88.20162067085208
0.5,400,50,15000,0.3994360600439212,90.69821986433257
0.5,400,50,20000,0.3913442965640104,96.66548946547117
0.5,400,60,11000,0.42416617602090695,69.4827531467184
0.5,400,60,13000,0.42049097037900485,71.60354307466122
0.5,400,60,15000,0.41692059698380396,73.669687697485
0.5,400,60,20000,0.40842271443117095,78.61186322592853
0.5,400,70,11000,0.44123545034074585,50.298834708875965
0.5,400,70,13000,0.4372500533552495,51.87211919761781
0.5,400,70,15000,0.43338156994831634,53.40471704000597
0.5,400,70,20000,0.4241875049141593,57.06985960193883
0.5,500,30,11000,0.3908379951990062,120.03233312916133
0.5,500,30,13000,0.38662205553564877,123.98765283429005
0.5,500,30,15000,0.3825529145264092,127.81241738090611
0.5,500,30,20000,0.3729786983421982,136.83693414428086
0.5,500,40,11000,0.4016675292705866,109.33252890322802
0.5,500,40,13000,0.397363240192169,112.94978185951447
0.5,500,40,15000,0.3932093347629972,116.44862341799505
0.5,500,40,20000,0.38342848281170494,124.72079309971666
0.5,500,50,11000,0.4151035968214983,95.19427887461146
0.5,500,50,13000,0.41066880728520505,98.36649841984155
0.5,500,50,15000,0.40638901866362354,101.43682207041475
0.5,500,50,20000,0.39631202250769304,108.70359491878118
0.5,500,60,11000,0.4315584601363972,76.66014358202386
0.5,500,60,13000,0.4269229838159663,79.27133315415416
0.5,500,60,15000,0.4224505124477313,81.8000404024294
0.5,500,60,20000,0.4119238321239208,87.79040129752187
0.5,500,70,11000,0.4468172423927227,54.92924847694248
0.5,500,70,13000,0.4418261926167319,56.85227742111986
0.5,500,70,15000,0.4370154231124015,58.71429532205525
0.5,500,70,20000,0.42571195646416127,63.12386728515213
0.5,600,30,11000,0.3935928997640573,131.32202347986265
0.5,600,30,13000,0.38856389250538087,135.98092743714412
0.5,600,30,15000,0.3837442738990772,140.45693613721625
0.5,600,30,20000,0.37250750773640534,150.93916963895293
0.5,600,40,11000,0.40386320133633186,119.21359902266218
0.5,600,40,13000,0.39873364774345654,123.47472674753081
0.5,600,40,15000,0.39382478107261154,127.56147440066204
0.5,600,40,20000,0.3823704664616365,137.1533043671448
0.5,600,50,11000,0.41657353521658685,103.32413458887468
0.5,600,50,13000,0.4113012980559807,107.05338356637075
0.5,600,50,15000,0.4062556763966941,110.63318235908751
0.5,600,50,20000,0.39448270344666525,119.0446028223048
0.5,600,60,11000,0.43210043893209293,82.78230614104307
0.5,600,60,13000,0.4266065708798076,85.84329057715287
0.5,600,60,15000,0.4213496785658957,88.78409115453836
0.5,600,60,20000,0.4090895439977142,95.70013886107706
0.5,600,70,11000,0.44610148244686565,58.952583358341876
0.5,600,70,13000,0.44021361969903133,61.1961169421562
0.5,600,70,15000,0.4345851893741265,63.35185682197733
0.5,600,70,20000,0.4214861947191006,68.4180122708843
0.5,700,30,11000,0.3883509301874063,140.95571600585944
0.5,700,30,13000,0.38265571835093165,146.22555575650892
0.5,700,30,15000,0.37723038356640437,151.2589775773265
0.5,700,30,20000,0.3646941768764158,162.9589954048462
0.5,700,40,11000,0.3983010126016908,127.64833902088952
0.5,700,40,13000,0.3925016662983782,132.45945844305626
0.5,700,40,15000,0.3869730735309695,137.06297185959482
0.5,700,40,20000,0.3742017110290725,147.76966861145772
0.5,700,50,11000,0.4105884458005831,110.28425775008431
0.5,700,50,13000,0.4046328193866212,114.49361990331805
0.5,700,50,15000,0.3989551441529274,118.52473672597465
0.5,700,50,20000,0.3858398591470062,127.91218295091969
0.5,700,60,11000,0.425558133789545,88.07409373521293
0.5,700,60,13000,0.4193595665862697,91.52690739643268
0.5,700,60,15000,0.41345184003489294,94.8358184981489
0.5,700,60,20000,0.3998121838331505,102.5492317508932
0.5,700,70,11000,0.43876059651871757,62.52045393673601
0.5,700,70,13000,0.432132632627925,65.0464034033692
0.5,700,70,15000,0.4258239591748057,67.46633369736045
0.5,700,70,20000,0.4112929854178374,73.10286331181965
0.5,800,30,11000,0.3673327696603836,148.49754423723877
0.5,800,30,13000,0.3612743918244351,154.19900340315775
0.5,800,30,15000,0.35552694647757294,159.6271802116554
0.5,800,30,20000,0.34235517472114513,172.14957917425227
0.5,800,40,11000,0.3773049497891797,134.29942678186822
0.5,800,40,13000,0.37112581605571926,139.5169958441956
0.5,800,40,15000,0.3652627481673998,144.48933224974417
0.5,800,40,20000,0.35182536521537683,155.9738988794873
0.5,800,50,11000,0.389611519956169,115.8395780147535
0.5,800,50,13000,0.3832548630416917,120.41663039760023
0.5,800,50,15000,0.37722365367889554,124.782234056551
0.5,800,50,20000,0.3633995589030913,134.8823323155333
0.5,800,60,11000,0.4045710801476326,92.39588296600051
0.5,800,60,13000,0.3979429831879332,96.1616224563251
0.5,800,60,15000,0.3916564442199292,99.75593982863134
0.5,800,60,20000,0.37725657980904453,108.08020534849439
0.5,800,70,11000,0.41765297420102937,65.57182171774342
0.5,800,70,13000,0.4105555515978176,68.33465271910839
0.5,800,70,15000,0.40383454951968356,70.97043447550942
0.5,800,70,20000,0.38848256435582257,77.06801745893596
0.5,850,30,11000,0.3370556985739306,150.37569225605807
0.5,850,30,13000,0.3311920725588693,156.08625828108936
0.5,850,30,15000,0.3256388659530381,161.51398712616069
0.5,850,30,20000,0.3129369424599786,174.0191310329889
0.5,850,40,11000,0.3474240676354599,136.0276053349909
0.5,850,40,13000,0.34142159818473067,141.27484228557037
0.5,850,40,15000,0.33573459658942895,146.269228244608
0.5,850,40,20000,0.3227274115215365,157.78894960540444
0.5,850,50,11000,0.36023735485197433,117.37222475321119
0.5,850,50,13000,0.3540335821022901,122.00100923146447
0.5,850,50,15000,0.3481569270743443,126.40997347122881
0.5,850,50,20000,0.3347177307694704,136.59415318846155
0.5,850,60,11000,0.3758115646384872,93.7011761528306
0.5,850,60,13000,0.3693094318170798,97.53431761624988
0.5,850,60,15000,0.3631529000578814,101.18799676724089
0.5,850,60,20000,0.34908537589256544,109.6357186626256
0.5,850,70,11000,0.3896123032347232,66.63852017020238
0.5,850,70,13000,0.38260952213169946,69.47289965116735
0.5,850,70,15000,0.37599090637312327,72.17296690212254
0.5,850,70,20000,0.36091583491215673,78.40717497691334
0.5,900,30,11000,0.2217009096433923,144.53632976704213
0.5,900,30,13000,0.21776064650371485,149.29856284172524
0.5,900,30,15000,0.21401718576480047,153.85072016089387
0.5,900,30,20000,0.20542223604267038,164.42265657318185
0.5,900,40,11000,0.23400055463562622,131.25571841729231
0.5,900,40,13000,0.2298507735433657,135.73776047358493
0.5,900,40,15000,0.22590865395622337,140.0240516770337
0.5,900,40,20000,0.2168595682732353,149.98485683437949
0.5,900,50,11000,0.24942153171760248,113.84050553800996
0.5,900,50,13000,0.24498745109552542,117.91103024922977
0.5,900,50,15000,0.24077657647170314,121.80548773474052
0.5,900,50,20000,0.23111545012632947,130.86208187947278
0.5,900,60,11000,0.2683329889387108,91.49028181446837
0.5,900,60,13000,0.2635122129060448,94.9798051002975
0.5,900,60,15000,0.2589379049096233,98.31884905408684
0.5,900,60,20000,0.24845825443973313,106.08398552333257
0.5,900,70,11000,0.28640672723804284,65.74001303405105
0.5,900,70,13000,0.2810076201494414,68.42867965385597
0.5,900,70,15000,0.2758972468163653,70.99788896437721
0.5,900,70,20000,0.26423955827647383,76.9569674556866
0.6,400,30,11000,0.3965950023320011,107.63421617699422
0.6,400,30,13000,0.3930733580834819,110.93249718855648
0.6,400,30,15000,0.3896539869020247,114.13908258722593
0.6,400,30,20000,0.3815237157848464,121.78024536126031
0.6,400,40,11000,0.4075746020072211,98.41319457407653
0.6,400,40,13000,0.4039782814669514,101.42862975411765
0.6,400,40,15000,0.400486180043439,104.36170027072055
0.6,400,40,20000,0.3921806039893227,111.35907814735847
0.6,400,50,11000,0.4212186388031496,86.15589781034365
0.6,400,50,13000,0.41751218178227506,88.79908829452914
0.6,400,50,15000,0.4139131446223909,91.37146390699886
0.6,400,50,20000,0.40535334611854,97.51387380628492
0.6,400,60,11000,0.4379692234844887,69.84176932010008
0.6,400,60,13000,0.4340922834473428,72.01711348497761
0.6,400,60,15000,0.430328330557132,74.13519760708323
0.6,400,60,20000,0.42137891835539304,79.19690367246942
0.6,400,70,11000,0.45370415850264934,50.50445066544423
0.6,400,70,13000,0.4495210898135067,52.10841768215847
0.6,400,70,15000,0.44546311456807114,53.67006999602528
0.6,400,70,20000,0.4358277870024007,57.40144722299907
0.6,500,30,11000,0.40479598721383947,120.91271900392489
0.6,500,30,13000,0.4003447214518294,124.99937125221629
0.6,500,30,15000,0.3960518499694787,128.94869522023555
0.6,500,30,20000,0.3859637343886331,138.25845873886922
0.6,500,40,11000,0.41502318100528635,110.06720932487033
0.6,500,40,13000,0.41049086795939654,113.79372963050974
0.6,500,40,15000,0.4061202602909985,117.39611686465999
0.6,500,40,20000,0.39584164762129026,125.9050373210603
0.6,500,50,11000,0.42769504669487457,95.76207387869758
0.6,500,50,13000,0.42304023100140675,99.01826243841124
0.6,500,50,15000,0.41855141898632525,102.1680268881021
0.6,500,50,20000,0.4079945734929698,109.61592679042971
0.6,500,60,11000,0.4432140538605647,77.0529252826502
0.6,500,60,13000,0.43836599885661426,79.72157164200216
0.6,500,60,15000,0.4336916832748072,82.3044620333094
0.6,500,60,20000,0.42270200450027984,88.4176741210364
0.6,500,70,11000,0.45730754606337826,55.15338564548112
0.6,500,70,13000,0.45210831356760167,57.108445064179804
0.6,500,70,15000,0.44710007144152547,59.00045759876157
0.6,500,70,20000,0.43534437525864594,63.477207540530834
0.6,600,30,11000,0.40569030636891734,132.26445328804354
0.6,600,30,13000,0.400422814510297,137.06025034000874
0.6,600,30,15000,0.39537912117794555,141.6646659228233
0.6,600,30,20000,0.3836346098680865,152.438994785474
0.6,600,40,11000,0.4154339582567647,119.99967809708468
0.6,600,40,13000,0.4100731416877785,124.37454462409286
0.6,600,40,15000,0.4049472813832549,128.56790272472122
0.6,600,40,20000,0.3930011797000446,138.40177423400758
0.6,600,50,11000,0.42747334058481806,103.9311030315414
0.6,600,50,13000,0.42197788762111776,107.74756614333377
0.6,600,50,15000,0.4167228856272571,111.40894640948974
0.6,600,50,20000,0.40447560258456305,120.00494479776208
0.6,600,60,11000,0.442173620003266,83.20146115662597
0.6,600,60,13000,0.4364639653151878,86.32187057567339
0.6,600,60,15000,0.43100473465822314,89.31803532622122
0.6,600,60,20000,0.41828655771604806,96.35848508357007
0.6,600,70,11000,0.4551361227935337,59.190912905558484
0.6,600,70,13000,0.44903681014252367,61.46727736752391
0.6,600,70,15000,0.4432102546327789,63.65333782305418
0.6,600,70,20000,0.4296635002445509,68.7865983205604
0.6,700,30,11000,0.39927411675278107,141.9694903003784
0.6,700,30,13000,0.3933369949413094,147.38250982099765
0.6,700,30,15000,0.3876859710090023,152.55014962184202
0.6,700,30,20000,0.3746449726051256,164.5525058926222
0.6,700,40,11000,0.4087442958301342,128.49352991894503
0.6,700,40,13000,0.40271052919772554,133.42350389737828
0.6,700,40,15000,0.3969631754489764,138.13827822944697
0.6,700,40,20000,0.3837028019179998,149.0950884790457
0.6,700,50,11000,0.42041824735315075,110.9362913198078
0.6,700,50,13000,0.41423629135142265,115.23659198157897
0.6,700,50,15000,0.4083474579356093,119.3526347926141
0.6,700,50,20000,0.3947603359741851,128.93020549410224
0.6,700,60,11000,0.43462834733802014,88.52360677260832
0.6,700,60,13000,0.4282108248527822,92.03811883760143
0.6,700,60,15000,0.42209889123763333,95.40437823422812
0.6,700,60,20000,0.40800318565969135,103.2451212153768
0.6,700,70,11000,0.44686941205982544,62.77514199943389
0.6,700,70,13000,0.44002665222959364,65.33486557875071
0.6,700,70,15000,0.43351783176604686,67.78586600569217
0.6,700,70,20000,0.4185405902023344,73.49013201118619
0.6,800,30,11000,0.3781644473216373,149.65357869621573
0.6,800,30,13000,0.371839246858517,155.5135802414599
0.6,800,30,15000,0.3658440435942215,161.0893656303095
0.6,800,30,20000,0.3521228123949724,173.9406638982743
0.6,800,40,11000,0.3876558921364892,135.2627707353505
0.6,800,40,13000,0.38121834617329237,140.6118114556194
0.6,800,40,15000,0.3751153739511193,145.70638052829253
0.6,800,40,20000,0.36114616666118016,157.46266643442434
0.6,800,50,11000,0.3993468937685113,116.58213839759445
0.6,800,50,13000,0.39274094943500065,121.25958493021828
0.6,800,50,15000,0.3864783911393738,125.71827704478781
0.6,800,50,20000,0.3721416242129552,136.0243223429518
0.6,800,60,11000,0.4135419665149538,92.90698693347487
0.6,800,60,13000,0.4066729283672042,96.74056676453307
0.6,800,60,15000,0.40016289816368017,100.39744753332485
0.6,800,60,20000,0.38526816470794883,108.85881549386676
0.6,800,70,11000,0.42565121377574333,65.86042158875634
0.6,800,70,13000,0.41831771173790805,68.66005191233256
0.6,800,70,15000,0.4113779989785977,71.32936359462713
0.6,800,70,20000,0.3955427602399499,77.49886994717251
0.6,850,30,11000,0.34892658356333395,151.7062712026087
0.6,850,30,13000,0.3427532902247751,157.5955446696107
0.6,850,30,15000,0.336912557079807,163.18859013366637
0.6,850,30,20000,0.32357262799917835,176.05830681790783
0.6,850,40,11000,0.3587640076839354,137.136154916705
0.6,850,40,13000,0.3524620400777487,142.53154971503952
0.6,850,40,15000,0.34649699128083133,147.66279411366716
0.6,850,40,20000,0.33287324163769016,159.48362883533937
0.6,850,50,11000,0.37089827999409314,118.22640056407562
0.6,850,50,13000,0.364406088481581,122.96824478892042
0.6,850,50,15000,0.3582618396341034,127.48136271626866
0.6,850,50,20000,0.34422973014696207,137.89360410649815
0.6,850,60,11000,0.38563008772004825,94.28871160079822
0.6,850,60,13000,0.3788498774933403,98.19813531899966
0.6,850,60,15000,0.3724355555713691,101.92169121836085
0.6,850,60,20000,0.357797580525202,110.52090803710064
0.6,850,70,11000,0.39835886721719715,66.96977546848278
0.6,850,70,13000,0.3910844892559456,69.84536312614065
0.6,850,70,15000,0.3842145303982568,72.58269544465291
0.6,850,70,20000,0.36858492964004047,78.89586952735804
0.6,900,30,11000,0.2364192946994684,146.20733359828222
0.6,900,30,13000,0.23209683678265716,151.19135261152059
0.6,900,30,15000,0.22799481902617388,155.94727074185008
0.6,900,30,20000,0.21859253535664486,166.96165106846033
0.6,900,40,11000,0.24811588417966024,132.65508040340683
0.6,900,40,13000,0.24359589025510014,137.3221587430992
0.6,900,40,15000,0.23930667841617909,141.77828783894302
0.6,900,40,20000,0.22947685408693505,152.10731189373507
0.6,900,50,11000,0.2627041984002587,114.92166883143418
0.6,900,50,13000,0.25791503197895704,119.13407544482091
0.6,900,50,15000,0.25337156774532216,123.1584944150899
0.6,900,50,20000,0.24296340854108378,132.49587044550313
0.6,900,60,11000,0.2805484792955012,92.23419990881071
0.6,900,60,13000,0.2753882399127382,95.81975188654565
0.6,900,60,15000,0.27049644490137786,99.24634151004408
0.6,900,60,20000,0.2593053520056974,107.19906492412481
0.6,900,70,11000,0.2972760595829595,66.15917251087157
0.6,900,70,13000,0.29154777885933214,68.89979028699766
0.6,900,70,15000,0.28613041700874947,71.51578806516278
0.6,900,70,20000,0.27378802483677833,77.57296734330023
0.7,400,30,11000,0.4089443993571966,108.25910672044932
0.7,400,30,13000,0.405249851027771,111.65386434007299
0.7,400,30,15000,0.4016646915996839,114.95272963358276
0.7,400,30,20000,0.39314823654705966,122.80803006621704
0.7,400,40,11000,0.4193945188963923,98.93489813338829
0.7,400,40,13000,0.41563059722006884,102.03068328217333
0.7,400,40,15000,0.41197783060055365,105.04055494263326
0.7,400,40,20000,0.4032981006561855,112.21593604459805
0.7,400,50,11000,0.43236833320241447,86.5594281881257
0.7,400,50,13000,0.4285000943337071,89.264488043707
0.7,400,50,15000,0.4247460217120927,91.89592292326168
0.7,400,50,20000,0.41582537025684796,98.17490789343198
0.7,400,60,11000,0.4483010676914712,70.1213562970293
0.7,400,60,13000,0.444267742717646,72.33919850133825
0.7,400,60,15000,0.44035399394731767,74.4977471535306
0.7,400,60,20000,0.4310561766477915,79.65261490753822
0.7,400,70,11000,0.46302355386312116,50.664517294876745
0.7,400,70,13000,0.45868715273224964,52.29237171808334
0.7,400,70,15000,0.4544824302790819,53.87664357052996
0.7,400,70,20000,0.4445062683616359,57.659598011834106
0.7,500,30,11000,0.41502637566318673,121.58558627369807
0.7,500,30,13000,0.4103998446593984,125.77296307056625
0.7,500,30,15000,0.40594076432521203,129.81794186164646
0.7,500,30,20000,0.39547238599618667,139.34734206559583
0.7,500,40,11000,0.4248109406286342,110.62869223436036
0.7,500,40,13000,0.42010872984317094,114.43900502669949
0.7,500,40,15000,0.41557705715626114,118.12089848316477
0.7,500,40,20000,0.4049298970827591,126.81207753367933
0.7,500,50,11000,0.43691978481908783,96.19596966935833
0.7,500,50,13000,0.432100901356359,99.51653620194062
0.7,500,50,15000,0.4274565931228381,102.72728178994274
0.7,500,50,20000,0.41654408137213156,110.31456860641121
0.7,500,60,11000,0.45174687849003253,77.35301659811137
0.7,500,60,13000,0.4467400977521758,80.06569642661925
0.7,500,60,15000,0.44191540225206727,82.69015937310017
0.7,500,60,20000,0.4305819401972215,88.89785305255423
0.7,500,70,11000,0.4649747241695312,55.324556873360045
0.7,500,70,13000,0.4596197124472823,57.3041452302675
0.7,500,70,15000,0.4544639924127163,59.21915131186071
0.7,500,70,20000,0.4423715580288717,63.74750921634884
0.7,600,30,11000,0.41441894981005417,132.97518523875868
0.7,600,30,13000,0.4089800394680899,137.8750410781608
0.7,600,30,15000,0.4037757848133169,142.57733474945823
0.7,600,30,20000,0.3916689718588267,153.57546439217978
0.7,600,40,11000,0.42378133908061116,120.59247414914942
0.7,600,40,13000,0.4182541618197481,125.05378823895555
0.7,600,40,15000,0.4129726843680266,129.32839714692122
0.7,600,40,20000,0.40067529823786285,139.34767371618224
0.7,600,50,11000,0.43533371621433536,104.38877887591148
0.7,600,50,13000,0.4296774662762777,108.2715130557061
0.7,600,50,15000,0.42427207058176336,111.99504978187679
0.7,600,50,20000,0.41168536095241204,120.73237591180646
0.7,600,60,11000,0.4494318703252718,83.5174442222855
0.7,600,60,13000,0.4435663930169061,86.68298782893395
0.7,600,60,15000,0.4379614351468438,89.72131097860772
0.7,600,60,20000,0.4249144570334018,96.85694499008362
0.7,600,70,11000,0.461634396615067,59.37049063945886
0.7,600,70,13000,0.4553817622535243,61.67176894384099
0.7,600,70,15000,0.4494118657694903,63.880894405891546
0.7,600,70,20000,0.4355420419531059,69.06543527140681
0.7,700,30,11000,0.4070849457960358,142.72840099600884
0.7,700,30,13000,0.4009785522882484,148.24997936246595
0.7,700,30,15000,0.3951700817192795,153.51981015259264
0.7,700,30,20000,0.38177835703176416,165.75407587318503
0.7,700,40,11000,0.41621070112499625,129.12621371836778
0.7,700,40,13000,0.41001272070452155,134.1462909214766
0.7,700,40,15000,0.4041125545318327,138.945761375706
0.7,700,40,20000,0.3905119002048958,150.09436534310814
0.7,700,50,11000,0.4274431454821781,111.42432638617524
0.7,700,50,13000,0.4211023179432378,115.79354827587434
0.7,700,50,15000,0.4150656467972766,119.97421763142383
0.7,700,50,20000,0.4011493261079858,129.69750956267882
0.7,700,60,11000,0.44110459106537564,88.85997002667082
0.7,700,60,13000,0.43453282686223665,92.4212186344329
0.7,700,60,15000,0.42827736570180447,95.83109203048801
0.7,700,60,20000,0.4138620682526118,103.76935008314024
0.7,700,70,11000,0.4526480554938495,62.96561342724683
0.7,700,70,13000,0.4456530629886489,65.55089631324708
0.7,700,70,15000,0.4390026435798016,68.02550002012333
0.7,700,70,20000,0.4237103762036703,73.78157336180169
0.7,800,30,11000,0.38593300859278906,150.52170250299983
0.7,800,30,13000,0.3794205029135123,156.50246308900415
0.7,800,30,15000,0.3732518532562079,162.19119973794466
0.7,800,30,20000,0.3591473843214518,175.29622506834704
0.7,800,40,11000,0.3950785260950828,135.9861633635474
0.7,800,40,13000,0.3884593721524815,141.43532760026028
0.7,800,40,15000,0.3821882334689998,146.62340893885178
0.7,800,40,20000,0.367847516005002,158.58923526827883
0.7,800,50,11000,0.4063252484948192,117.1396691319171
0.7,800,50,13000,0.39954374340981885,121.89354711572385
0.7,800,50,15000,0.3931186408981703,126.423425854778
0.7,800,50,20000,0.3784227793089242,136.88819720633302
0.7,800,60,11000,0.4199664183083057,93.29062277328299
0.7,800,60,13000,0.41292708403519685,97.17581977032056
0.7,800,60,15000,0.4062594107498643,100.8805100782346
0.7,800,60,20000,0.3910165044511661,109.44744703607086
0.7,800,70,11000,0.4313676253416165,66.07691000404981
0.7,800,70,13000,0.423866236218253,68.90450890107884
0.7,800,70,15000,0.41677123014920125,71.59941139061625
0.7,800,70,20000,0.40059349998798177,77.82421574671143
0.7,850,30,11000,0.3575800092463695,152.7201560436097
0.7,850,30,13000,0.35118156174157067,158.74697336531509
0.7,850,30,15000,0.3451323300392581,164.4677088843802
0.7,850,30,20000,0.331331470834066,177.62085768302305
0.7,850,40,11000,0.36702947063281516,137.98080818823777
0.7,850,40,13000,0.3605095747086164,143.49021061770546
0.7,850,40,15000,0.35434271975380477,148.72713468351728
0.7,850,40,20000,0.34027304836280237,160.78196563136234
0.7,850,50,11000,0.37866607364609384,118.87714233913886
0.7,850,50,13000,0.3719637076888202,123.70595167041287
0.7,850,50,15000,0.3656249230643948,128.29945480317824
0.7,850,50,20000,0.3511631808860732,138.888797444171
0.7,850,60,11000,0.3927778942974236,94.73617663090697
0.7,850,60,13000,0.3857945370560655,98.70423419960785
0.7,850,60,15000,0.37919228987457804,102.48167365665222
0.7,850,60,20000,0.3641396595492366,111.19839858347609
0.7,850,70,11000,0.40471383894730784,67.22189506309915
0.7,850,70,13000,0.39724022059918584,70.129115586715
0.7,850,70,15000,0.3901862074163221,72.89513972488082
0.7,850,70,20000,0.37415149053985863,79.26944663037324
0.7,900,30,11000,0.24819745109139846,147.59261936856893
0.7,900,30,13000,0.24355825639924394,152.76007846739336
0.7,900,30,15000,0.23915978300278717,157.68450528503132
0.7,900,30,20000,0.22909239281682028,169.06490417704921
0.7,900,40,11000,0.2593775147344178,133.81169825791864
0.7,900,40,13000,0.25455155041448435,138.63132657466792
0.7,900,40,15000,0.24997614380332633,143.2274465075233
0.7,900,40,20000,0.2395048715312381,153.86003800610115
0.7,900,50,11000,0.2732822268354775,115.81355705668365
0.7,900,50,13000,0.2681998322404948,120.14264082383572
0.7,900,50,15000,0.2633823511376996,124.27389199459284
0.7,900,50,20000,0.25236091345702055,133.84204460478614
0.7,900,60,11000,0.2902712194028659,92.84747906447932
0.7,900,60,13000,0.2848302311217642,96.51186037696436
0.7,900,60,15000,0.2796764596119446,100.0102615498772
0.7,900,60,20000,0.2679003818139702,108.11673424411818
0.7,900,70,11000,0.30591834522287137,66.50453676375592
0.7,900,70,13000,0.29991734676304216,69.2877032110627
0.7,900,70,15000,0.2942462123471037,71.941970274966
0.7,900,70,20000,0.2813397635773287,78.07923779200101
1.0,400,30,11000,0.4319222535414955,109.49515421275161
1.0,400,30,13000,0.42789862541445683,113.0815691731105
1.0,400,30,15000,0.4239989827407133,116.56402920079535
1.0,400,30,20000,0.4147538725847947,124.84666550107502
1.0,400,40,11000,0.4413836328962011,99.9667928569855
1.0,400,40,13000,0.4373005423882305,103.22218040180638
1.0,400,40,15000,0.4333428103714596,106.38482912416137
1.0,400,40,20000,0.4239565496104015,113.91536300784614
1.0,400,50,11000,0.4531014518476901,87.3574886377772
1.0,400,50,13000,0.4489247847052959,90.18541201680499
1.0,400,50,15000,0.44487606736149815,92.93429613641078
1.0,400,50,20000,0.4352729982471273,99.48566908346261
1.0,400,60,11000,0.4674940150373334,70.6741500275401
1.0,400,60,13000,0.46316197599771514,72.97634743215848
1.0,400,60,15000,0.458962932026824,75.21532211734583
1.0,400,60,20000,0.4490045935857122,80.55586209406113
1.0,400,70,11000,0.4802970590461868,50.98082535886277
1.0,400,70,13000,0.4756668334362332,52.65605180912204
1.0,400,70,15000,0.47118163114944317,54.28523492591929
1.0,400,70,20000,0.4605566472126868,58.17085060648847
1.0,500,30,11000,0.43346034561729263,122.8794282961556
1.0,500,30,13000,0.4285248262720873,127.26287384399197
1.0,500,30,15000,0.4237739262760401,131.49481585549222
1.0,500,30,20000,0.41264207609941295,141.45674772052936
1.0,500,40,11000,0.4424434673894793,111.70831678283771
1.0,500,40,13000,0.43744134451838085,115.6817203444102
1.0,500,40,15000,0.43262647620027384,119.51898977555034
1.0,500,40,20000,0.42133514414457446,128.56900532657227
1.0,500,50,11000,0.4535292510908903,97.03016770229883
1.0,500,50,13000,0.4484200365715055,100.47600438282633
1.0,500,50,15000,0.443501584757739,103.80588423704361
1.0,500,50,20000,0.431965467305034,111.66747590881155
1.0,500,60,11000,0.46709296975247805,77.92979873036722
1.0,500,60,13000,0.4618040907303637,80.72811564976273
1.0,500,60,15000,0.4567130173777383,83.4337446661306
1.0,500,60,20000,0.4447735415203112,89.82722145653746
1.0,500,70,11000,0.47873021998480697,55.653342925363084
1.0,500,70,13000,0.4730962416102391,57.680585115680294
1.0,500,70,15000,0.467677142859818,59.640429254399734
1.0,500,70,20000,0.4549856726034118,64.27011562331742
1.0,600,30,11000,0.4298031869992625,134.31577344256868
1.0,600,30,13000,0.4240842028978037,139.41653721815473
1.0,600,30,15000,0.418618863523894,144.3091735466399
1.0,600,30,20000,0.4059261291308431,155.74797031735756
1.0,600,40,11000,0.43848990571308616,121.7105813730689
1.0,600,40,13000,0.4326902237787057,126.33878174218003
1.0,600,40,15000,0.4271550397401811,130.77137127608856
1.0,600,40,20000,0.4142877384409757,141.15560605687284
1.0,600,50,11000,0.44917601313907596,105.25192191822606
1.0,600,50,13000,0.44325519622334264,109.26255676931137
1.0,600,50,15000,0.43760340522684466,113.10690522981922
1.0,600,50,20000,0.4244629375713264,122.1222843827669
1.0,600,60,11000,0.4621978030218963,84.1131742592827
1.0,600,60,13000,0.45607393724592443,87.36577616211378
1.0,600,60,15000,0.4502281986303094,90.48598677293278
1.0,600,60,20000,0.4366397081056836,97.80872969336183
1.0,600,70,11000,0.47303341840970603,59.70880389821135
1.0,600,70,13000,0.46652308010964033,62.05808426419663
1.0,600,70,15000,0.46031287975092156,64.311954556504
1.0,600,70,20000,0.4459024769737974,69.59715335709848
1.0,700,30,11000,0.4206867912580289,144.14524237531305
1.0,700,30,13000,0.41432045583614574,149.8766149648556
1.0,700,30,15000,0.4082710692204012,155.3459019650035
1.0,700,30,20000,0.3943445262109303,168.04028622905335
1.0,700,40,11000,0.42920934594646115,130.30737438766462
1.0,700,40,13000,0.4227582635689287,135.50155789891176
1.0,700,40,15000,0.4166232883351704,140.46630563623341
1.0,700,40,20000,0.4025012643107347,151.99530101853813
1.0,700,50,11000,0.43966550385214515,112.3353242549657
1.0,700,50,13000,0.43307816510463204,116.83768466222325
1.0,700,50,15000,0.4268126685173701,121.14441984214822
1.0,700,50,20000,0.4123878019726232,131.15656431285018
1.0,700,60,11000,0.45235726126870995,89.48762364326284
1.0,700,60,13000,0.44554338625901085,93.13910437457533
1.0,700,60,15000,0.43906299743962424,96.63399822976277
1.0,700,60,20000,0.4241471954319357,104.76539039773195
1.0,700,70,11000,0.46266017646767704,63.3207347717231
1.0,700,70,13000,0.45542145348751834,65.9553104238786
1.0,700,70,15000,0.4485444383858194,68.47587269495975
1.0,700,70,20000,0.4327475803887293,74.3344257663227
1.0,800,30,11000,0.39951162967066006,152.14871382522807
1.0,800,30,13000,0.3927096284129129,158.3646323833223
1.0,800,30,15000,0.3862735559728322,164.27570125989314
1.0,800,30,20000,0.37157932970595564,177.88901849431755
1.0,800,40,11000,0.40804939539632845,137.34190605561864
1.0,800,40,13000,0.4011485182411748,142.98601637765
1.0,800,40,15000,0.3946170334796146,148.35812332407377
1.0,800,40,20000,0.37970190413524757,160.74354227317585
1.0,800,50,11000,0.4185122018398176,118.18442157798202
1.0,800,50,13000,0.41145652988613024,123.08706881046456
1.0,800,50,15000,0.4047779544125592,127.75697816613788
1.0,800,50,20000,0.38952231771977,138.5393844737374
1.0,800,60,11000,0.4311705947984155,94.00923618944037
1.0,800,60,13000,0.4238622194357062,97.9948413377573
1.0,800,60,15000,0.4169456541896649,101.7935094399423
1.0,800,60,20000,0.40115258549219057,110.5715117647928
1.0,800,70,11000,0.441307451279349,66.48205446091333
1.0,800,70,13000,0.43353553072363654,69.363997617026
1.0,800,70,15000,0.4261901862438117,72.10914335540721
1.0,800,70,20000,0.4094591064955611,78.44436986803346
1.0,850,30,11000,0.3730244702898997,154.65696988498982
1.0,850,30,13000,0.3662507078481932,160.95450892134397
1.0,850,30,15000,0.3598549207839136,166.92882743069148
1.0,850,30,20000,0.34529029713216525,180.65341912032198
1.0,850,40,11000,0.38177892017381915,139.59431982431025
1.0,850,40,13000,0.3748949116093856,145.3280804694127
1.0,850,40,15000,0.36839173682417165,150.77481976115845
1.0,850,40,20000,0.3535808878835645,163.3011937562391
1.0,850,50,11000,0.39251979176193713,120.12005578711546
1.0,850,50,13000,0.38546473023629857,125.11993860528683
1.0,850,50,15000,0.37880019382484514,129.87295407014082
1.0,850,50,20000,0.3636204731010456,140.81890547589938
1.0,850,60,11000,0.40550910373087223,95.59048997455083
1.0,850,60,13000,0.3981822181138779,99.67380056755707
1.0,850,60,15000,0.3912626804563797,103.55806504472844
1.0,850,60,20000,0.3755107491006238,112.51111708655202
1.0,850,70,11000,0.41599979012578064,67.7027976167041
1.0,850,70,13000,0.40818475155681294,70.67210699941484
1.0,850,70,15000,0.40081559008784606,73.49492182759936
1.0,850,70,20000,0.38408725274202266,79.9919518503572
1.0,900,30,11000,0.2721024298077989,150.5680183418756
1.0,900,30,13000,0.2667953705834754,156.12989734269874
1.0,900,30,15000,0.2617739547405129,161.41708691429
1.0,900,30,20000,0.2503163179351753,173.58780116960466
1.0,900,40,11000,0.2821911177279824,136.2910171042306
1.0,900,40,13000,0.27672090387301085,141.43789244627106
1.0,900,40,15000,0.27154493576588884,146.33465353061
1.0,900,40,20000,0.25973458023304247,157.62097777914974
1.0,900,50,11000,0.29468856633184953,117.72315786151934
1.0,900,50,13000,0.2889884284879206,122.30205858939406
1.0,900,50,15000,0.2835955895559938,126.66224582850714
1.0,900,50,20000,0.27129291958369217,136.72606881679442
1.0,900,60,11000,0.3099308824607044,94.1596940165106
1.0,900,60,13000,0.3038970610081498,97.99252732521863
1.0,900,60,15000,0.29819185929129505,101.64445018586136
1.0,900,60,20000,0.2851904149405998,110.08009883009298
1.0,900,70,11000,0.32335514815229144,67.24273528002914
1.0,900,70,13000,0.31677668113335844,70.11654184242903
1.0,900,70,15000,0.310569809604549,72.85231045599059
1.0,900,70,20000,0.29647803868916434,79.16016886564816
